#{"t_start": 1681309872.803986, "env_id": "Walker2d-v2"}
r,l,t
-1.435503,12,1.44804
2.259287,13,1.458789
-7.399109,19,1.474324
-2.676362,22,1.491837
2.714973,15,1.505298
-5.245398,8,1.511881
-7.894162,13,1.521829
-3.597075,14,1.532739
-1.60048,17,1.54602
-3.56228,8,1.552517
-7.490084,21,1.568837
0.466464,41,1.600101
-0.009902,10,1.607764
-1.559034,15,1.619179
-4.749543,12,1.628219
3.525756,24,1.64655
-3.211328,9,1.653376
-2.881671,11,1.661895
0.739565,14,1.672532
5.247503,18,1.68609
-1.168673,23,1.704369
-3.35822,13,1.714825
0.722317,16,1.727652
2.966837,19,1.742571
-1.991721,23,1.760879
1.93106,13,1.771265
-0.238894,10,1.779167
-2.305704,13,1.789483
-2.431606,12,1.799078
-1.150736,11,1.808132
10.002187,31,1.832456
1.297744,11,1.841126
-3.600405,13,1.85138
-0.523017,16,1.864003
2.837209,19,1.878992
-7.573351,18,1.893463
2.585835,15,1.905375
0.517828,12,1.914768
-10.933357,14,1.925793
3.905259,14,1.93674
14.356482,25,1.956731
-5.160207,20,1.972965
0.008364,18,1.987117
-1.183464,15,1.998887
0.582441,27,2.019793
-3.825117,16,2.032224
-1.528607,10,2.040129
6.707255,19,2.055281
-3.647408,18,2.069565
-3.063021,15,2.081293
-3.346851,25,2.100991
-2.026891,17,2.114408
5.379775,25,2.133995
-0.132286,17,2.147382
0.164419,13,2.157682
3.007151,28,2.179514
1.501542,40,2.210967
-0.470081,11,2.219785
5.022732,22,2.236968
-0.992114,9,2.244112
0.082177,12,2.253646
-1.096431,11,2.26233
-1.219931,10,2.270193
11.576067,30,2.293649
-0.93615,26,2.314157
2.611858,23,2.332135
4.536688,39,2.362267
-1.468516,15,2.374379
-0.716231,12,2.384327
-4.560226,9,2.392351
-2.807033,10,2.400218
-6.480555,15,2.411963
-2.6032,10,2.419784
-4.625752,15,2.431856
0.012562,10,2.439888
-5.847287,14,2.45141
1.848525,23,2.469574
-3.664338,32,2.495268
6.380855,25,2.514943
-4.512432,11,2.523646
1.441897,13,2.533796
1.283148,17,2.54749
-4.101446,9,2.55513
-3.847527,36,2.583226
-0.649306,14,2.594475
-7.698342,16,2.6071
-5.651055,24,2.625818
-3.855594,22,2.642991
3.457531,18,2.657101
-1.733613,17,2.670459
-0.496205,10,2.67915
-2.099984,10,2.687129
-4.107172,26,2.707701
-3.312856,13,2.718106
-7.813406,16,2.731852
-3.244405,10,2.7397
12.660601,28,2.761019
-6.455576,26,2.781315
-5.681667,11,2.790483
-5.323099,14,2.802277
0.864803,14,2.813476
-4.681911,16,2.826155
2.20893,23,2.844069
-1.631514,11,2.852454
-3.568673,23,2.87127
-1.818321,14,2.882357
3.529838,22,2.899969
15.182183,28,2.921735
-8.52111,24,2.94084
2.034913,32,2.967113
3.535799,28,2.989796
2.936384,20,3.005617
-5.812516,9,3.012701
3.728338,17,3.026321
5.613326,19,3.041445
-8.62544,15,3.053411
-0.783556,14,3.60537
9.009234,23,3.626098
-1.480798,24,3.646802
-11.800326,28,3.668661
0.900301,34,3.696633
-4.178916,29,3.719267
1.946582,24,3.73825
5.190117,16,3.750829
4.711822,19,3.766379
-2.589762,9,3.773751
-2.938766,9,3.781099
-2.904472,15,3.79296
-0.259172,10,3.800848
-2.009194,12,3.810416
-1.685606,25,3.83045
-0.519781,25,3.850192
-3.166688,19,3.865155
-4.156214,13,3.875314
3.410593,25,3.894866
2.538399,27,3.916612
1.630439,17,3.930109
0.183178,13,3.940804
-0.10515,11,3.949494
-7.036665,21,3.965984
-3.70428,13,3.976976
-3.899822,30,4.00052
5.921743,31,4.024773
4.330927,35,4.052109
-2.334464,14,4.063326
-4.992119,12,4.07298
-3.257298,18,4.087011
-2.664292,13,4.097125
5.877703,21,4.113721
-4.73411,21,4.130045
-2.722885,15,4.142265
-4.987808,11,4.150981
8.707766,27,4.172009
-0.452522,17,4.185311
-0.014462,13,4.19581
-2.369423,18,4.209995
7.150824,20,4.22579
-0.241243,12,4.235365
5.498458,20,4.251162
0.952972,14,4.262187
-6.956284,23,4.280072
4.094792,19,4.294859
3.057429,19,4.309745
0.52183,16,4.322452
0.194469,36,4.350464
2.132283,16,4.363026
0.538421,14,4.374018
-4.197271,11,4.384002
-0.167763,11,4.393228
12.902086,29,4.41777
-3.576887,12,4.426905
-9.832624,21,4.442992
-5.774814,30,4.465781
-3.165299,17,4.479224
-1.724656,12,4.488961
-1.525893,12,4.498492
3.235789,30,4.522348
28.166599,43,4.556647
3.407669,14,4.5677
-2.333336,29,4.590706
-0.654501,19,4.606103
0.820703,11,4.614839
-4.055172,22,4.632724
19.090686,32,4.660525
-2.973255,18,4.675117
1.120216,30,4.698952
-3.428692,18,4.713382
1.169985,20,4.728947
-2.229545,15,4.740882
-1.105151,11,4.749442
-3.89118,19,4.764428
0.52906,15,4.776272
11.21352,29,4.798669
-1.100093,26,4.818764
-3.74614,13,4.828938
-3.291333,9,4.836285
-0.732157,12,4.845642
-7.208494,9,4.852881
-0.923649,16,4.865282
-2.638385,11,4.87414
-10.554676,19,4.888868
12.259056,21,4.905316
1.329294,13,4.915452
-1.13594,15,4.927313
-2.600441,12,4.936799
1.084425,14,4.947861
-3.507062,10,4.956139
4.241312,32,4.980991
-2.680748,11,4.989474
-3.639515,15,5.001327
-0.965098,49,5.040281
-1.657318,15,5.052132
1.123588,18,5.066267
21.874482,27,5.087498
-6.58071,17,5.100726
3.126087,21,5.117253
-2.491358,11,5.125697
-2.289668,11,5.134449
9.833218,31,5.159032
-3.302185,8,5.165526
8.749359,26,5.185877
1.051055,18,5.199997
-2.268851,12,5.209577
-0.641922,32,5.403715
-2.225621,23,5.43109
-1.373386,10,5.441933
-0.398155,23,5.461869
-8.124821,18,5.476988
-2.155782,9,5.486485
6.475812,17,5.502895
-6.831834,35,5.540224
2.576354,23,5.564503
0.356403,14,5.584083
-4.005045,8,5.596309
3.479484,15,5.614854
15.130727,28,5.651499
1.470742,19,5.675543
4.950222,17,5.694673
-2.930856,9,5.702391
-5.863685,26,5.734732
3.480705,28,5.768576
-4.646006,9,5.777338
3.661769,22,5.80448
-8.152073,9,5.814804
3.434413,27,5.851115
-2.236731,22,5.877391
3.700681,19,5.902313
-1.774144,10,5.916043
-0.599814,27,5.947019
-2.674086,12,5.960596
9.730073,26,5.982347
-3.292638,14,5.995359
2.986852,13,6.012993
1.434333,15,6.026521
1.574482,16,6.04174
0.428729,18,6.06512
5.176733,17,6.087483
2.456817,18,6.109773
-6.381533,15,6.127481
-2.008481,18,6.15081
7.618915,25,6.174548
1.317975,16,6.190724
4.742874,15,6.210101
-2.899478,20,6.23963
-7.148697,13,6.256995
-0.560673,13,6.276531
-3.243898,12,6.293134
0.276985,22,6.313121
1.842804,29,6.347089
-1.327291,24,6.369492
-5.736244,21,6.391033
-0.788523,16,6.417365
7.126888,22,6.452198
-2.516196,18,6.478687
0.823079,15,6.494999
2.316997,25,6.53093
-3.082484,10,6.546087
11.015941,25,6.589214
-1.789956,11,6.605702
-3.032855,12,6.6234
-4.114057,21,6.654059
3.744329,21,6.682203
3.668456,47,6.745374
2.694053,24,6.770526
3.554871,26,6.797722
-1.660803,23,6.822367
1.775657,37,6.866664
0.266209,21,6.900375
3.076937,24,6.939759
12.233039,38,6.985383
-1.755586,13,7.001451
0.649866,19,7.030524
-2.150886,15,7.054835
2.770083,16,7.079773
2.336187,12,7.098682
-0.835328,14,7.120832
-4.97867,32,7.167799
7.742528,18,7.189626
-0.428524,11,7.207215
-9.124672,17,7.230012
-3.387992,8,7.240947
2.512444,15,7.263096
-3.623286,12,7.280384
-1.576925,14,7.300721
-7.351667,17,7.327639
-1.296224,14,7.342314
1.480106,17,7.358592
-4.828831,30,7.393611
-2.327685,25,7.416888
-3.392864,8,7.425842
3.316077,21,7.454981
-12.479847,18,7.471703
-0.937926,9,7.479784
-2.228857,30,7.514806
-6.118801,18,7.539404
6.207225,23,7.569051
-4.368117,19,7.597137
-0.881753,9,7.612029
0.814868,16,7.636082
9.606455,31,7.680461
-0.881298,17,7.702041
0.330831,28,7.744369
-0.853714,14,7.764647
1.413329,19,7.7857
-5.4084,13,7.797631
-3.6768,11,7.814516
1.93816,17,7.832268
-3.536788,12,7.843474
-1.087457,33,7.874371
-2.51737,10,7.883314
-3.673971,9,7.891029
-3.641077,16,7.905225
0.488693,15,7.917338
-2.838254,8,7.924047
-2.555579,20,8.101865
11.797826,24,8.125741
-0.060059,19,8.145686
0.289506,11,8.159834
0.245983,20,8.182323
4.05918,18,8.202053
3.028487,15,8.216799
0.626665,12,8.227504
4.662662,37,8.256687
15.642916,27,8.277457
5.44777,27,8.298494
3.636475,17,8.312418
-2.699277,11,8.320942
7.646287,21,8.340203
-4.658881,11,8.349691
8.707424,31,8.376312
-3.754116,14,8.387741
-2.553621,18,8.403095
-1.556476,9,8.4119
-1.423652,27,8.444067
-1.627541,9,8.454741
1.785144,26,8.485604
3.058487,25,8.511705
-1.516273,21,8.532594
-1.771761,11,8.54167
-1.862894,10,8.549405
-0.873751,12,8.559101
0.616538,13,8.572486
-3.646426,17,8.58821
0.11985,27,8.614475
0.060312,21,8.632303
0.557034,18,8.646585
3.059694,13,8.657523
-0.317635,9,8.664447
-8.745913,14,8.675624
-2.940575,11,8.684045
7.854886,25,8.703437
-1.696622,14,8.714267
-4.178792,31,8.737844
3.402079,17,8.751094
-6.885769,10,8.75919
3.849209,20,8.774839
-0.073023,15,8.786709
0.661712,23,8.805589
6.08209,25,8.825452
15.22994,26,8.846347
5.694463,16,8.859355
-5.90793,45,8.895956
-2.499197,12,8.905244
7.714895,27,8.930833
2.475279,17,8.944136
-0.734943,22,8.961609
3.546662,14,8.972773
-4.474612,21,8.989314
1.258619,12,8.998773
-2.765515,8,9.005498
-3.994342,28,9.029053
-2.983692,20,9.044777
-1.831974,9,9.051966
-2.234923,17,9.065713
0.02989,36,9.094297
14.046925,25,9.114513
1.054756,13,9.124691
-1.914751,12,9.134126
1.30235,13,9.144774
0.647353,17,9.158183
-9.290594,9,9.165156
-2.992309,14,9.176628
-0.151812,16,9.189839
-2.103871,15,9.202293
-9.909112,15,9.214567
2.873768,14,9.226185
2.117151,19,9.241809
-0.762281,14,9.252932
3.975393,15,9.264719
-10.022187,17,9.278499
6.032738,18,9.293016
1.190261,12,9.303615
1.354249,14,9.314918
-2.666505,10,9.323109
-7.620501,17,9.336388
1.319574,13,9.346617
-1.431696,8,9.353152
13.54405,44,9.387774
12.251946,24,9.40694
7.525023,23,9.429074
-6.522434,16,9.441821
-5.706585,16,9.45472
0.546434,19,9.470396
9.789443,32,9.495705
8.21145,23,9.513477
-2.191431,10,9.521671
6.14977,18,9.535581
7.398671,23,9.553941
-4.14985,12,9.563406
10.961484,27,9.587905
-2.158007,11,9.597608
-4.215585,10,9.605573
12.628829,24,9.624716
0.313163,11,9.633595
-2.322596,24,9.652322
2.818052,24,9.67328
-2.055862,17,9.687183
0.333095,11,9.696001
-3.39313,8,9.702528
-3.271643,8,9.708949
-3.689026,10,9.716897
0.339494,18,9.731053
5.145601,29,9.754356
-2.629394,8,9.760772
6.123995,18,9.775058
-1.077662,14,9.786041
-3.48381,30,9.80971
-1.103434,24,10.004366
2.953501,18,10.019128
-7.585037,21,10.036923
7.847501,28,10.066363
10.767871,51,10.109087
-2.761573,21,10.125005
-12.013523,20,10.140654
6.94977,31,10.165232
7.786488,29,10.187729
-1.412868,17,10.201005
2.451116,15,10.212744
-1.461126,15,10.224331
-3.093597,17,10.2372
2.839426,14,10.247885
2.631981,13,10.257917
-0.076776,14,10.26852
5.003433,26,10.289561
-1.456715,25,10.308915
5.64052,16,10.320853
5.592284,25,10.339682
3.601627,13,10.349538
-3.060642,8,10.35587
-5.485426,15,10.367647
7.381976,25,10.388564
10.052385,32,10.413456
-5.256078,15,10.425215
-3.53014,10,10.433123
12.002483,28,10.45512
-4.661955,19,10.474609
-4.799301,18,10.488577
8.95917,37,10.517132
-7.421427,25,10.536461
-2.336728,11,10.545082
0.084593,17,10.558566
-2.761329,18,10.573476
22.553728,46,10.609227
-3.406815,19,10.623832
4.350956,15,10.635144
6.985507,17,10.648185
-3.576411,9,10.655966
0.4418,12,10.66558
11.573906,23,10.684038
-0.290226,21,10.700607
2.514943,29,10.724038
-0.670983,28,10.746032
-3.697801,11,10.755772
-1.42531,9,10.763007
-0.963302,15,10.775255
-3.049798,15,10.786889
-6.147649,13,10.79691
-0.982665,15,10.808361
2.904303,27,10.828746
0.366234,15,10.840142
3.072017,26,10.860082
8.001762,22,10.876802
-0.101071,11,10.885017
4.939402,28,10.90621
2.837829,16,10.918295
0.539549,14,10.928665
5.942543,23,10.946649
-5.083493,22,10.964061
0.644286,29,10.986457
0.396338,21,11.0032
-0.445986,13,11.013545
-0.866004,10,11.021496
7.470834,28,11.042903
-1.592183,23,11.061213
3.832426,12,11.071095
-11.616824,15,11.083121
0.995406,23,11.100935
-3.350392,21,11.117493
0.857825,17,11.130992
-3.035727,9,11.138346
-3.971138,22,11.155228
-3.444083,16,11.167288
-0.200203,13,11.177402
-4.803337,21,11.193364
-1.435267,18,11.207135
-7.92217,13,11.217
-3.985449,13,11.226692
-4.092828,9,11.233753
4.066087,14,11.244365
8.602655,31,11.26785
8.275386,27,11.288215
-1.466795,48,11.323716
-3.806645,10,11.331238
1.947098,22,11.347767
9.83478,25,11.366342
5.758104,19,11.380814
13.264193,38,11.409571
-0.862757,14,11.420045
2.432481,20,11.435167
-1.752481,18,11.448799
10.326953,24,11.466811
-4.868952,16,11.478893
-1.334896,22,11.495498
-1.391951,15,11.506837
1.718792,13,11.516624
4.082482,13,11.526443
3.829479,19,11.541034
7.890866,21,11.557015
0.050394,25,11.575861
-0.872046,13,11.58567
16.528467,31,11.782004
7.371946,32,11.807423
0.935392,10,11.81551
-3.743664,13,11.825659
15.089128,44,11.86144
3.211473,20,11.877583
6.796045,18,11.891674
1.951136,16,11.904167
-0.224038,17,11.917938
-4.62166,20,11.934597
6.377097,24,11.953435
7.352293,35,11.980701
-1.888135,9,11.987693
2.929771,15,11.999505
-6.705184,15,12.011317
0.824257,17,12.02533
-0.932255,18,12.039755
0.001978,14,12.051052
11.166097,31,12.075801
2.523998,15,12.087676
-5.788418,14,12.09845
5.681036,15,12.112284
-6.859315,19,12.131271
4.945776,18,12.145535
2.277958,16,12.157845
0.019292,25,12.176174
14.009341,31,12.198688
14.628514,27,12.219815
-7.621726,19,12.234578
-0.047215,20,12.253117
-5.481579,21,12.27069
1.6914,13,12.281151
-4.02693,9,12.288311
0.973191,19,12.302404
14.049366,39,12.332575
0.026741,16,12.345058
-2.771556,9,12.35172
-2.465613,9,12.35903
2.62212,19,12.374603
-2.01933,21,12.39213
1.309076,11,12.400824
0.082014,16,12.414189
-4.674123,13,12.424316
0.670952,21,12.441236
-1.571426,10,12.449839
6.044396,21,12.46734
1.88299,14,12.478107
4.178094,41,12.509067
-0.10872,12,12.518506
1.829157,18,12.532784
-11.513306,22,12.550367
5.540838,21,12.567103
-5.262169,21,12.584056
6.33545,18,12.598421
29.841041,43,12.632041
8.216432,21,12.649077
-7.603505,12,12.662271
-3.848216,14,12.67576
5.169758,19,12.690324
-2.035526,16,12.707332
3.73926,26,12.730005
-1.437282,20,12.746613
8.873457,21,12.76332
7.484472,31,12.788046
0.63949,14,12.799111
7.130185,19,12.81453
6.39253,16,12.827402
3.813237,19,12.84246
-1.35603,11,12.851166
2.620901,21,12.868253
2.7633,16,12.881101
-2.502466,8,12.887998
-0.607057,11,12.896881
-5.852959,8,12.903426
1.686739,15,12.915096
1.408201,13,12.925963
-4.985584,24,12.945887
10.386706,30,12.972635
5.064789,38,13.002227
-1.872708,10,13.010323
1.327541,16,13.023178
7.445841,24,13.04225
0.195364,10,13.050473
-3.090367,10,13.059207
1.525302,13,13.069845
0.599968,12,13.080373
-1.929125,12,13.090046
0.823944,19,13.106175
1.838861,21,13.123393
1.575466,26,13.144125
-1.109822,13,13.15527
6.549261,35,13.183203
-0.26857,20,13.19852
-1.813727,12,13.207889
0.848084,19,13.222711
12.131164,40,13.253969
13.50292,36,13.284365
7.267016,24,13.305379
-2.260472,11,13.314356
-6.229141,18,13.329954
6.795659,31,13.355818
-3.549289,22,13.375053
-4.601346,10,13.382804
7.435539,28,13.405051
-2.032981,21,13.421565
-2.765823,13,13.431952
-2.160255,19,13.619623
-0.12034,16,13.632688
5.037868,19,13.648024
3.190756,28,13.669852
1.161053,17,13.683278
1.454816,20,13.698826
-1.745588,13,13.709103
15.013819,26,13.729289
-2.157091,17,13.742797
1.389837,12,13.752843
2.875863,18,13.767085
3.17328,18,13.78132
-10.974938,17,13.794993
-1.980262,7,13.800754
3.455683,20,13.816811
-1.681223,10,13.824661
-2.374777,14,13.835713
-1.989608,12,13.84536
2.818998,12,13.854912
-1.437196,9,13.862299
2.728139,31,13.888808
-5.224249,20,13.904028
5.577,21,13.920716
-4.831325,34,13.94694
-5.0969,12,13.956067
0.112017,11,13.964872
4.38955,19,13.980936
11.981654,27,14.00229
-4.650367,7,14.008054
3.567769,15,14.019864
15.473788,33,14.046349
1.84226,12,14.055806
8.804921,26,14.076123
-0.49469,15,14.088175
2.333251,14,14.099113
2.596902,15,14.110931
-3.90857,30,14.134996
-5.781828,14,14.146192
16.331186,47,14.182819
7.879073,32,14.207934
1.515516,11,14.216501
0.216043,15,14.228275
-2.190741,15,14.240026
-3.983867,18,14.254086
14.061519,31,14.278291
-2.416145,10,14.286275
-1.913728,9,14.293525
-0.053732,14,14.304496
-0.754589,17,14.317836
2.400246,29,14.340744
0.651451,11,14.349527
-4.061326,12,14.359016
-2.665052,11,14.367722
7.204496,22,14.38507
2.580225,24,14.404315
8.673653,33,14.430241
-1.034808,16,14.44297
1.285212,16,14.455897
2.479872,14,14.467495
1.213888,11,14.476124
0.300822,12,14.485569
2.650095,22,14.502743
-1.751526,10,14.511298
5.155682,16,14.525252
0.097507,32,14.550573
-2.919651,7,14.556251
-2.664814,19,14.572005
-10.404332,14,14.589693
-1.267512,20,14.613496
9.732499,29,14.643957
3.418216,22,14.664914
1.907316,15,14.682348
-2.122583,19,14.703919
4.408512,20,14.726923
10.141802,37,14.759845
-1.303263,11,14.768391
-0.346674,18,14.781603
-0.375251,11,14.789997
1.711533,14,14.800433
1.069728,12,14.809615
-6.094235,20,14.825568
2.776343,16,14.838307
2.703349,25,14.85772
2.081594,16,14.870437
4.096911,18,14.884754
-8.511593,14,14.895931
-3.94096,19,14.91077
-6.239851,9,14.918022
6.556347,25,14.938479
-4.756613,17,14.951924
-4.817724,12,14.961801
4.780782,16,14.974418
2.767051,21,14.991017
-2.297062,19,15.007699
-5.174515,16,15.020563
0.544594,26,15.041126
3.22875,16,15.053986
-0.297598,12,15.063479
-0.107054,23,15.081674
7.001119,42,15.116443
3.991283,14,15.127657
5.485228,19,15.142776
2.558842,23,15.162423
6.343546,22,15.179571
4.123993,17,15.193324
-7.733367,12,15.203174
-2.082491,10,15.211233
-2.751593,13,15.221898
8.053001,31,15.250591
-3.557991,9,15.258183
5.992482,22,15.276327
10.716559,33,15.472756
-2.736146,10,15.480747
0.268668,12,15.490222
7.166142,20,15.505575
3.925698,17,15.518471
-0.980124,13,15.528862
3.44575,14,15.540158
0.159167,19,15.558414
-4.053067,18,15.57262
-0.28566,11,15.581387
15.779542,35,15.608955
9.723636,33,15.634717
5.209045,29,15.656635
40.002904,47,15.691935
-9.63748,25,15.710679
-9.543733,21,15.726256
1.56232,16,15.738255
6.230322,36,15.77161
7.517083,22,15.788882
-2.954626,10,15.79711
-1.476622,10,15.805459
-2.726235,11,15.814137
-2.278782,19,15.829783
-1.189315,20,15.845478
-0.987997,17,15.861723
-0.484732,16,15.874843
1.184074,10,15.882745
-1.075543,17,15.89777
0.234483,20,15.914783
8.617199,29,15.946867
5.575977,29,15.978795
5.271324,21,15.995077
4.336277,16,16.008554
1.936216,13,16.021721
-3.690097,14,16.036829
5.700089,28,16.067258
-3.459656,20,16.083623
-0.472698,15,16.095202
-5.694437,11,16.103512
-1.824365,12,16.113348
0.779274,12,16.122362
6.205235,21,16.13898
10.967549,37,16.166145
-1.963933,16,16.17981
-3.488034,33,16.218116
-0.056976,18,16.232207
-5.864537,9,16.239629
7.232328,16,16.252177
11.028089,29,16.275058
9.043067,55,16.318435
-0.218624,11,16.326983
0.52583,19,16.341143
2.284725,17,16.353642
4.633055,24,16.371829
1.600562,14,16.383068
4.763293,46,16.41902
11.46357,39,16.448882
14.195854,55,16.490946
0.559578,16,16.504376
-2.000889,16,16.519079
-0.204586,16,16.531729
1.07001,19,16.546453
5.672237,23,16.564435
-2.509594,15,16.576805
7.902756,18,16.591056
0.706941,27,16.615586
-0.618673,10,16.623669
4.412023,20,16.639615
-0.717982,18,16.655998
7.574607,33,16.681935
16.635308,33,16.708014
5.852147,17,16.721456
1.945274,15,16.733134
2.634274,11,16.741782
0.637826,13,16.751661
3.999761,24,16.769556
3.0844,14,16.780385
7.319097,17,16.793594
-8.153288,12,16.802565
-0.126954,12,16.812527
-0.792183,13,16.823341
0.069249,25,16.842851
6.409965,22,16.860218
0.206125,30,16.883176
2.667309,16,16.895192
2.481601,17,16.908901
4.962779,24,16.930639
7.578764,19,16.946217
12.056999,25,16.966335
0.331053,19,16.981506
3.73117,16,17.001814
3.183631,24,17.022696
-0.428364,15,17.034086
5.801634,23,17.052223
6.692036,29,17.074762
-2.981739,8,17.081263
5.547049,15,17.092651
-0.380126,15,17.10361
-6.868657,18,17.117665
-0.121318,11,17.126773
-2.097883,20,17.142504
1.609177,39,17.359935
32.275394,41,17.3924
0.89668,13,17.402704
-8.867793,14,17.414087
14.960028,34,17.441933
2.587587,24,17.460374
13.757847,32,17.48491
5.459548,17,17.497979
-6.10701,26,17.517653
1.924971,11,17.526102
12.258191,24,17.544233
1.796379,12,17.553505
13.311278,27,17.574093
27.99787,50,17.612324
28.582018,73,17.668485
-3.36684,15,17.680386
3.921377,20,17.696016
0.535224,23,17.714012
4.472518,30,17.736808
1.28784,24,17.755115
2.697361,12,17.764287
-2.084068,9,17.77122
7.345132,22,17.78732
0.22371,20,17.802379
3.979433,17,17.814877
0.413463,16,17.826286
2.247916,14,17.836498
-2.910308,16,17.8491
5.910657,32,17.874098
3.033155,25,17.894528
2.37103,12,17.904159
-8.187584,18,17.918315
-2.350028,13,17.928869
15.845549,46,17.965043
17.090445,35,17.992927
5.567057,18,18.00692
-7.145639,11,18.015591
6.889288,19,18.031128
16.708179,31,18.055489
-1.805852,10,18.06337
10.257533,22,18.080719
-2.667506,12,18.090298
2.287556,13,18.100492
28.593631,37,18.129671
1.943146,14,18.141005
-7.638076,23,18.158958
11.172797,31,18.1834
0.744292,14,18.194562
-0.791483,31,18.219121
-0.537322,18,18.233294
-2.447477,12,18.243223
1.12166,10,18.251064
15.069454,36,18.279798
-0.489999,13,18.290153
19.839492,47,18.327154
6.191554,16,18.34007
6.944011,19,18.354764
10.824034,21,18.371138
9.042484,30,18.393689
-1.58677,24,18.412015
4.237219,19,18.426431
4.061158,26,18.446223
16.737658,36,18.473392
12.22249,33,18.498403
0.264219,22,18.515231
-6.784555,15,18.526823
6.38213,24,18.545602
3.174404,14,18.556655
17.541028,38,18.58634
-2.223818,12,18.595873
2.780442,17,18.609025
0.828591,17,18.622088
6.178323,20,18.63704
1.041401,15,18.647799
8.996114,22,18.663975
23.770403,36,18.690375
-1.597475,23,18.706887
1.339971,12,18.715344
-4.140645,19,18.732993
13.888764,24,18.757726
-1.298938,13,18.772299
3.104069,20,18.78957
7.72618,25,18.810615
5.398142,19,18.825747
8.679076,26,18.850567
6.358857,16,18.867771
-0.812259,16,18.881877
5.25915,22,18.899973
3.525881,27,18.920622
3.707018,24,18.939808
7.010696,24,19.112335
12.195882,33,19.13872
-5.709207,14,19.149298
-6.777629,11,19.158368
6.050145,17,19.171613
5.015271,28,19.193249
-1.252708,9,19.200399
-3.153727,17,19.213404
8.841846,30,19.236632
6.414322,21,19.252973
3.027996,14,19.265821
11.763654,30,19.290259
5.449258,18,19.306553
7.488833,20,19.324683
12.271754,29,19.348096
13.158117,37,19.378422
0.437359,15,19.391211
4.276677,23,19.409823
2.108912,16,19.422795
6.00038,20,19.438666
7.718863,23,19.457027
-3.139131,16,19.470107
3.482458,17,19.483391
15.369902,42,19.516925
9.580348,26,19.537548
12.313099,35,19.565238
-1.87084,26,19.585973
9.295092,44,19.620402
-4.996139,15,19.631754
2.53722,13,19.641963
3.934932,32,19.666247
13.476872,38,19.69541
3.951116,14,19.706769
52.066294,70,19.761227
8.218518,32,19.786593
0.493104,20,19.803241
-1.220293,20,19.819607
-0.98605,15,19.83154
4.110812,14,19.843077
3.083515,22,19.86077
7.055186,24,19.87965
22.216911,58,19.92551
8.204986,27,19.946252
1.721125,22,19.964018
6.5336,36,19.992652
-0.02326,19,20.007918
-2.3526,14,20.019237
7.803651,25,20.040917
-1.500579,11,20.049486
42.580655,60,20.097013
12.221398,28,20.119217
5.475045,17,20.133236
6.005898,16,20.145871
4.424136,21,20.16258
3.086725,15,20.174535
6.375062,26,20.195379
-2.450835,11,20.204274
-1.816079,27,20.225573
2.646363,26,20.246065
1.475952,13,20.256719
-0.053688,14,20.268157
5.48318,19,20.283384
-0.259183,11,20.292181
-5.289044,17,20.305486
4.240513,23,20.323854
0.320564,15,20.336544
13.244799,25,20.356603
5.107077,29,20.380185
-0.159358,14,20.391264
4.604074,18,20.40553
5.491562,37,20.434902
9.051918,22,20.452657
0.66284,13,20.462897
7.176417,28,20.484775
-4.823146,11,20.493382
31.465312,98,20.569339
-0.981968,13,20.5794
-1.925467,15,20.591337
0.268069,9,20.598591
-0.404595,14,20.610618
8.743384,53,20.656678
5.266946,18,20.671333
9.648385,39,20.70209
8.495415,30,20.726265
-4.035455,14,20.73751
-0.292231,24,20.914564
2.155128,14,20.925402
-1.115783,15,20.936816
9.48826,32,20.960844
2.912667,18,20.974614
-4.955892,19,20.989049
2.74008,13,20.999121
16.69891,28,21.020454
8.513094,29,21.042545
18.954964,29,21.064572
0.750092,12,21.073953
3.180375,19,21.088505
4.480302,29,21.110958
-1.150114,11,21.119581
33.005034,67,21.170866
-0.53989,11,21.17931
-2.353084,17,21.192405
3.480406,14,21.20301
17.227086,43,21.23565
5.491578,18,21.250031
2.355485,21,21.266269
-0.501321,9,21.273424
24.90877,33,21.298553
1.96694,42,21.330276
5.793334,25,21.348974
12.789345,22,21.365672
6.82859,25,21.384866
0.78762,27,21.408808
6.294715,24,21.427893
26.471341,38,21.457688
-3.064008,18,21.472227
20.238127,45,21.507348
15.685269,30,21.531666
4.838061,27,21.553416
-3.151364,9,21.560596
12.54188,25,21.580796
31.233526,39,21.61177
-1.507326,18,21.626013
-7.905277,15,21.638813
-1.542969,29,21.6616
6.099232,27,21.682934
13.803042,33,21.709002
4.029728,19,21.723806
0.635673,15,21.735736
1.978896,18,21.750379
-1.619767,14,21.761158
-7.132494,16,21.773227
6.520189,16,21.785391
0.025263,14,21.796068
-5.473562,20,21.811942
-2.844994,14,21.823396
17.688079,38,21.85378
0.732092,16,21.866245
14.147943,30,21.890109
7.296327,26,21.912892
1.042086,11,21.924353
3.896187,19,21.942003
1.848322,20,21.959325
-0.922935,19,21.97422
2.72785,16,21.986758
19.02952,48,22.026349
12.963092,30,22.050742
1.998533,16,22.063969
0.389118,17,22.077489
11.418945,32,22.102963
2.43432,25,22.122705
12.411963,25,22.142831
-3.985046,10,22.151138
-4.520893,8,22.157772
5.102306,28,22.180425
8.299138,37,22.211384
1.70144,47,22.249043
5.004526,27,22.273104
-4.723051,12,22.282561
3.922769,30,22.306834
29.434703,43,22.340271
11.606249,38,22.370271
3.854242,23,22.38822
52.147854,75,22.446482
15.338291,33,22.472307
14.5487,31,22.496436
2.375679,13,22.506618
1.131873,12,22.516183
7.371104,20,22.685238
11.111894,25,22.707703
-5.159214,18,22.722354
-7.528926,13,22.732661
27.327296,42,22.766826
26.790387,40,22.798732
10.960515,38,22.828482
6.313473,20,22.844378
24.434057,30,22.868356
78.782008,101,22.947392
2.991726,13,22.957711
0.225331,13,22.967782
3.255197,38,22.997514
41.32302,53,23.038734
6.173573,16,23.051607
64.315652,73,23.109396
11.437082,30,23.133693
15.411092,35,23.161494
12.201437,38,23.191602
9.035404,23,23.209712
4.229996,29,23.232869
16.183207,29,23.256266
16.013875,27,23.280404
11.005265,62,23.329437
84.205438,86,23.396571
9.957131,28,23.418642
38.773426,59,23.46471
3.143758,13,23.474797
3.191135,15,23.486707
8.696702,30,23.510012
14.340418,53,23.55136
-2.975484,14,23.562481
25.998361,42,23.595573
-0.525754,13,23.605898
20.288145,35,23.633464
-1.196941,15,23.645505
10.451826,33,23.672141
3.582093,13,23.682338
-0.51947,14,23.693486
-0.448751,10,23.701445
5.986007,15,23.713493
0.370686,13,23.723815
3.004522,16,23.736353
0.379708,12,23.746245
6.811686,16,23.759321
1.729052,14,23.77036
23.790254,41,23.805329
14.883033,33,23.833074
6.14985,16,23.847683
-0.33802,23,23.869752
2.176969,21,23.887066
-2.629553,14,23.898116
43.996666,53,23.940543
-4.971614,14,23.951965
14.263904,37,23.982316
6.921234,23,24.000538
18.480824,52,24.041373
7.102018,22,24.059034
5.540219,20,24.074567
5.135312,22,24.092111
29.489077,53,24.133754
-1.364954,9,24.140776
1.059464,13,24.15095
-0.762476,12,24.16063
3.183716,17,24.174355
50.282941,76,24.234646
1.01945,13,24.245012
-4.20604,12,24.255082
14.261755,34,24.281676
5.76552,30,24.305503
30.469958,52,24.510516
-1.905901,23,24.528647
-3.003716,24,24.548004
2.648973,25,24.567442
4.734218,20,24.584231
13.86764,32,24.61254
3.8292,49,24.649802
6.507975,22,24.666762
-4.702092,18,24.684277
1.291157,13,24.69448
41.16859,62,24.742841
3.341604,18,24.757135
9.517188,29,24.782382
13.103087,30,24.805864
18.112248,38,24.835719
12.318938,35,24.864049
22.215216,62,24.912686
19.359587,49,24.951928
10.63897,30,24.976698
-2.252865,7,24.982866
11.132699,49,25.024288
4.431834,54,25.066213
6.881251,19,25.081456
13.248416,38,25.112033
8.228951,19,25.127515
-3.02269,16,25.140738
3.065438,15,25.153754
15.688277,29,25.176052
2.075051,27,25.199666
0.145613,10,25.207925
4.919097,28,25.230728
3.345804,22,25.248266
18.333588,34,25.275868
2.085353,22,25.294069
24.677199,48,25.332545
33.061051,59,25.378875
14.927577,38,25.408772
5.379456,17,25.422992
34.788688,56,25.467434
9.880444,22,25.48529
18.230226,36,25.514374
33.417677,64,25.565954
-3.847518,8,25.572464
38.797487,51,25.61277
7.458845,23,25.631248
15.057324,39,25.662345
11.963164,35,25.69075
24.861354,39,25.721374
5.918973,30,25.744971
23.391837,37,25.774587
25.741033,45,25.810405
1.754077,17,25.82404
10.559208,23,25.842313
9.26729,26,25.862905
15.275895,41,25.895379
26.327753,52,25.936547
19.582928,36,25.96522
8.927924,33,25.991405
0.832512,26,26.011652
25.967806,46,26.04754
19.581513,31,26.073576
20.998407,39,26.104249
45.791662,58,26.309065
4.512261,18,26.322737
6.33429,25,26.341292
36.944375,61,26.38885
54.349855,78,26.463276
16.887037,31,26.490498
4.402635,19,26.505247
-0.515063,17,26.520192
7.319457,28,26.542961
-0.794324,23,26.561174
8.64673,29,26.585838
6.394737,18,26.601648
37.599901,44,26.637748
12.500791,23,26.655825
7.484705,25,26.676393
84.746447,95,26.751914
23.276154,48,26.789481
23.182365,46,26.825331
10.575579,21,26.841603
0.907394,16,26.85415
3.727741,21,26.870386
-0.843982,14,26.881454
26.018103,48,26.918283
-0.901946,21,26.934707
6.263408,20,26.950636
18.176152,33,26.976834
21.881107,37,27.005865
-3.152859,9,27.013125
-0.438975,28,27.035394
2.121422,17,27.048879
17.31481,41,27.081142
8.51076,18,27.095346
27.627977,42,27.128713
149.822133,106,27.212221
6.740368,29,27.235187
33.398882,58,27.284331
11.410384,33,27.310617
0.935224,13,27.321138
-6.214822,17,27.334439
21.334222,46,27.37137
15.938104,32,27.397391
-4.287701,9,27.40497
3.333563,20,27.420408
71.945394,84,27.484159
4.105869,16,27.496566
22.616062,57,27.540762
6.750831,27,27.562226
37.38804,66,27.615657
4.580031,18,27.629567
-2.240729,15,27.640784
-5.725812,34,27.666563
6.3795,17,27.679544
18.150848,33,27.704722
1.385078,17,27.717518
23.333944,40,27.748691
0.176308,22,27.766062
27.341311,49,27.807574
21.435916,39,27.839132
5.303806,28,27.860738
3.188036,12,27.870119
2.438333,21,27.886962
14.374931,29,27.910431
13.058126,26,28.088698
22.31096,55,28.131504
37.353328,58,28.177363
-2.416264,11,28.186179
-3.28182,19,28.201531
15.037099,30,28.225777
33.588082,62,28.274599
12.293478,25,28.294344
20.439457,41,28.328382
6.396113,25,28.351988
6.735692,21,28.376226
-0.337489,12,28.387348
62.505955,86,28.464512
4.636218,21,28.4835
25.580739,64,28.542829
3.869455,21,28.559794
31.924729,74,28.620022
32.983652,49,28.658739
26.139572,34,28.685572
-1.970327,12,28.695415
12.47666,38,28.72555
-4.206659,11,28.734334
-6.052364,10,28.742457
3.781257,32,28.76785
16.279422,49,28.806829
4.589328,24,28.825791
5.062228,29,28.848791
4.647494,25,28.868242
-1.78238,12,28.877678
0.366785,11,28.886187
22.218956,39,28.916713
1.823824,37,28.945651
30.250016,47,28.982451
25.977728,59,29.028776
14.222981,36,29.057129
27.393875,47,29.095565
32.459318,61,29.144477
41.080508,88,29.223791
18.347974,46,29.263086
15.035383,29,29.288532
-5.022578,18,29.303948
13.349398,49,29.345885
56.856116,65,29.401906
6.085077,28,29.425179
5.231159,23,29.444042
87.07194,91,29.519752
35.699873,54,29.565222
47.39545,84,29.63529
3.706134,21,29.652421
10.323993,45,29.691173
3.626643,71,29.751091
42.973032,75,29.987753
76.902353,120,30.085568
30.367412,54,30.12834
17.554858,55,30.171319
6.184345,15,30.183165
24.537526,40,30.214445
187.883837,128,30.313772
21.331313,38,30.343424
13.411059,30,30.366988
17.306689,79,30.428306
27.798202,53,30.469906
58.615846,89,30.541434
15.699475,33,30.567928
8.709141,28,30.590421
14.22712,30,30.613918
30.770597,37,30.643378
17.238474,33,30.669542
0.434863,18,30.68397
4.20324,18,30.698232
35.99781,49,30.737091
29.602725,59,30.783481
10.326011,30,30.807229
-0.368707,18,30.821647
1.506289,14,30.832734
-3.07317,10,30.840812
23.778625,35,30.870279
20.030362,34,30.896646
142.042275,112,30.981745
2.989216,26,31.009109
61.530503,95,31.107449
61.678199,85,31.180218
30.748635,50,31.223413
4.864367,20,31.240352
39.889616,61,31.291253
4.874822,28,31.3145
1.927539,23,31.33648
5.75085,18,31.352143
9.478974,27,31.374433
121.779777,124,31.476556
31.396088,39,31.508796
24.847251,54,31.555268
-2.027432,15,31.567776
44.219305,64,31.621437
25.867856,56,31.850375
18.484388,35,31.88091
22.628094,48,31.919723
31.915084,39,31.950702
203.901512,164,32.088694
221.242364,193,32.239225
-1.200445,16,32.252021
15.813765,41,32.284647
37.497925,51,32.325143
-1.716553,18,32.339164
64.840094,80,32.401967
254.342429,208,32.564245
11.646803,33,32.590248
44.137123,68,32.64341
50.549547,105,32.725129
53.169821,75,32.783691
66.647571,77,32.844215
66.44614,71,32.898246
70.695684,120,32.989043
0.608705,10,32.996875
24.545668,37,33.025094
3.447457,13,33.035162
26.181241,42,33.067012
71.689657,74,33.123169
51.320157,72,33.177984
268.351016,137,33.281692
16.782245,31,33.305034
0.670388,21,33.321077
0.502508,18,33.334927
32.674777,45,33.368926
-0.10755,8,33.375074
189.195031,131,33.62159
7.75071,28,33.643794
94.724912,120,33.737306
192.560318,133,33.841779
3.251398,38,33.871842
5.884919,22,33.889488
22.614439,32,33.914959
1.109693,11,33.923844
11.5052,34,33.951085
75.654163,104,34.033301
12.601352,40,34.064435
13.35299,40,34.10057
-1.666452,12,34.109853
127.982716,103,34.191429
-1.345222,13,34.201756
27.911257,43,34.235874
28.639864,44,34.271124
9.660919,40,34.302369
26.937158,56,34.347449
8.844488,24,34.366597
21.109803,36,34.394914
115.908541,116,34.485844
13.614689,34,34.512756
-1.478247,12,34.522406
-5.441961,14,34.533424
58.125695,95,34.608419
41.570495,65,34.664979
61.005994,87,34.740091
97.891264,84,34.805764
55.694733,86,34.873549
67.253793,95,34.949157
216.164546,120,35.043724
34.581248,63,35.096046
0.516321,15,35.108239
31.336839,44,35.157315
3.180126,16,35.174951
242.288522,153,35.453843
37.985444,58,35.497929
274.50737,152,35.61943
276.930937,170,35.752338
28.060439,40,35.784058
217.001665,130,35.888047
16.57819,34,35.915122
56.506928,71,35.969317
-7.784884,11,35.977798
19.085868,35,36.004466
9.508384,19,36.018995
128.386404,119,36.109634
56.925492,73,36.166043
23.329554,35,36.194364
35.582643,65,36.247994
55.840322,72,36.307675
-0.537409,16,36.321514
38.288034,58,36.369887
3.459706,19,36.386522
106.04025,101,36.478488
169.001426,139,36.592505
14.758479,42,36.628882
4.757338,21,36.645756
23.472592,37,36.677686
1.843339,12,36.688369
236.836557,155,36.823618
52.050993,58,36.877155
9.459335,26,36.898393
15.834189,36,36.927807
48.325708,64,36.987338
7.452619,26,37.010252
56.587109,94,37.261193
49.178371,77,37.321672
-4.810365,16,37.334355
88.33329,126,37.432649
84.054582,86,37.496779
45.924454,70,37.551746
14.52455,31,37.577622
24.857349,40,37.611485
13.152688,26,37.632603
279.376777,168,37.765424
2.248787,15,37.777259
40.488304,57,37.821271
33.79242,55,37.863657
253.129822,133,37.97191
19.880853,34,37.998253
31.871729,45,38.033233
48.046447,71,38.089446
15.008512,38,38.119792
34.988558,58,38.166077
13.613052,33,38.193482
276.596847,162,38.323286
24.36433,39,38.35461
32.690621,54,38.39713
48.723606,63,38.446434
38.960378,59,38.493485
16.902703,30,38.517782
6.878393,37,38.547046
287.597503,197,38.702255
13.424589,31,38.72631
20.003736,38,38.759981
-4.002312,13,38.770117
43.62656,68,38.825592
55.75254,85,39.086533
14.457313,68,39.140344
30.942956,52,39.180711
290.099981,185,39.328311
-2.225959,11,39.33701
64.457618,77,39.397927
17.177436,31,39.421566
28.557133,66,39.472147
-0.585398,25,39.491278
266.640854,170,39.622545
23.468979,42,39.654243
153.895596,125,39.7485
10.320952,27,39.76914
30.804694,56,39.814459
73.59303,107,39.896139
274.215187,168,40.023797
269.527567,143,40.138087
16.315991,29,40.160868
42.581974,60,40.206782
47.096891,64,40.255429
260.3303,154,40.372704
-3.261537,15,40.38428
252.931058,149,40.499158
10.725721,45,40.534782
159.924952,147,40.819793
234.848505,136,40.934317
223.661324,125,41.03779
32.434066,48,41.076277
20.435398,46,41.114428
-2.87134,12,41.126445
257.177229,145,41.247617
4.924709,26,41.269775
261.352973,149,41.390187
237.372195,124,41.488003
56.571941,74,41.547031
139.274935,92,41.618638
105.103872,107,41.702779
3.930166,18,41.716747
292.037195,168,41.850064
-3.685906,8,41.856755
266.849831,150,41.975795
39.461541,65,42.027211
23.103194,63,42.076834
20.015087,41,42.109058
-1.112284,13,42.119239
188.885524,105,42.201213
87.351597,111,42.288546
206.815645,253,42.666568
352.635811,217,42.851058
148.909781,94,42.926759
260.057966,161,43.061429
351.394582,242,43.262792
301.797956,209,43.435239
241.064049,129,43.542775
99.663415,101,43.627169
-2.15546,11,43.63628
-6.199123,13,43.6469
25.145009,44,43.683043
0.785549,18,43.698452
0.769151,12,43.709009
38.100416,68,43.764477
327.167907,248,43.965911
9.227563,22,43.982932
72.570397,117,44.076387
23.425323,40,44.108791
191.555508,127,44.218621
1.323439,12,44.228739
37.148962,55,44.2753
39.636494,85,44.511667
289.994163,182,44.657402
66.424664,124,44.759371
52.849574,73,44.822694
204.763536,104,44.907308
2.061262,15,44.919791
215.365824,113,45.005248
297.026236,193,45.15141
240.514907,140,45.259274
22.746988,35,45.289886
334.946296,228,45.474426
328.916616,213,45.641743
-7.322566,25,45.663239
306.820494,222,45.83989
-6.605697,12,45.849787
149.47671,103,45.941477
225.06202,137,46.051581
258.62562,162,46.347146
6.791879,17,46.360538
26.49532,47,46.398391
278.699604,173,46.537099
-5.647973,17,46.550518
282.909476,156,46.678054
27.623079,40,46.713416
188.471541,95,46.78981
262.739861,137,46.89732
16.466728,35,46.932874
284.437901,182,47.081803
354.518486,271,47.3045
281.917407,171,47.441616
8.696053,20,47.457727
-0.979928,13,47.468222
2.006822,24,47.48723
-3.319014,10,47.495142
114.202087,128,47.597508
60.641817,84,47.664554
77.360998,94,47.739276
-0.820884,13,47.749485
275.913068,198,47.918528
18.696334,34,47.945642
266.194372,154,48.235397
30.539419,67,48.294017
345.926621,215,48.465054
-2.514716,14,48.47627
124.22624,191,48.628443
245.664716,169,48.764937
46.252422,81,48.83086
48.031719,71,48.889355
63.564539,100,48.969599
5.160909,15,48.982499
53.777447,78,49.049352
6.756104,16,49.062743
196.450778,100,49.144752
78.83283,126,49.246179
0.329144,12,49.256019
228.341622,132,49.364212
181.483011,131,49.466674
13.287949,32,49.492038
258.451244,145,49.607182
371.138588,243,49.961319
27.733858,44,49.999599
120.890134,166,50.131642
367.995631,253,50.331141
255.335199,157,50.454084
280.786117,206,50.616541
329.124451,222,50.790856
86.960993,106,50.883463
79.40659,116,50.975924
412.490911,344,51.248537
337.946885,217,51.420412
-2.224205,10,51.428421
248.368505,142,51.541476
222.793042,140,51.822438
8.401003,20,51.838317
-3.053751,9,51.845434
73.978428,123,51.942297
20.733423,36,51.970795
16.187238,37,52.00097
238.223944,144,52.116717
193.159085,217,52.291378
299.711541,173,52.427124
244.773661,122,52.525474
-0.889216,15,52.537347
372.143331,236,52.727303
3.441584,24,52.7464
373.69897,244,52.943843
284.492339,182,53.088799
62.227723,132,53.194566
231.271054,123,53.292224
311.046052,191,53.608057
292.069441,177,53.748463
52.524236,66,53.800704
2.258218,14,53.811631
192.813936,144,53.924621
253.514481,144,54.038505
21.909123,37,54.06754
314.175546,190,54.218766
-1.192257,18,54.233025
305.363084,183,54.376262
347.683594,221,54.553569
28.418649,43,54.58775
-2.845148,10,54.595712
25.956704,41,54.62846
43.72543,64,54.680281
334.987833,225,54.860337
282.840649,179,55.002465
268.090173,157,55.12737
367.058527,252,55.498171
301.911804,196,55.654926
277.162035,164,55.785102
77.008634,120,55.880785
205.89379,132,55.984921
297.566683,179,56.127361
-1.076817,13,56.137725
80.927887,121,56.233149
-2.685185,13,56.243439
22.476114,31,56.267917
-1.600391,9,56.27536
276.777855,156,56.404769
288.029162,175,56.543887
316.187042,199,56.709201
4.58307,21,56.725983
259.510338,179,56.870383
85.095263,97,56.946224
252.670867,149,57.237576
241.60214,183,57.381364
327.138031,243,57.573861
337.646131,229,57.773858
295.659301,218,57.950182
236.706574,156,58.073664
2.473389,13,58.084011
216.028619,144,58.198138
266.369726,162,58.32725
244.70307,144,58.442406
258.092703,139,58.553812
117.272673,90,58.624184
105.443525,127,58.724427
248.945426,153,59.016531
93.11764,147,59.132364
47.518907,61,59.181181
217.325997,126,59.281311
222.161104,125,59.380301
274.986194,159,59.506179
340.212424,234,59.692016
247.822859,133,59.797024
139.136853,195,59.953205
310.256889,171,60.088787
291.355823,181,60.232835
240.705341,143,60.345007
349.535085,228,60.526211
1.680039,14,60.537272
354.530261,226,60.894418
241.182963,182,61.039515
29.232084,58,61.086358
88.655776,138,61.196495
23.652993,72,61.25369
241.758907,177,61.393142
420.795702,300,61.633142
0.766995,12,61.642843
83.944807,132,61.748883
81.029182,133,61.855895
462.25358,359,62.144001
233.04957,133,62.248692
406.849026,293,62.635432
71.273557,124,62.734334
219.882091,133,62.839733
133.554059,190,62.992285
246.188047,133,63.09993
369.864014,245,63.295135
195.443367,122,63.392627
53.6657,72,63.450224
302.058838,205,63.614986
-3.680851,10,63.62295
307.813211,188,63.774306
305.840712,175,63.913098
258.339095,174,64.051723
244.865272,174,64.191203
62.573031,106,64.426283
21.28422,47,64.463225
8.442874,22,64.480599
248.447326,149,64.598041
367.878254,236,64.786374
250.094284,143,64.899775
33.686583,43,64.93358
-4.481217,18,64.948076
258.184774,154,65.070137
385.749879,253,65.269909
7.53182,26,65.291259
232.719172,135,65.397347
293.185418,185,65.544533
-1.48339,11,65.553094
-2.603115,10,65.561155
70.361662,95,65.637297
110.006948,160,65.765871
-3.557007,15,65.777774
-2.601307,8,65.784187
-0.945352,14,65.795228
1.28463,15,65.807142
80.150437,148,65.922803
-4.168915,15,65.934758
79.557702,125,66.201571
332.521196,215,66.372852
55.799698,105,66.455155
105.812621,131,66.558849
239.17899,122,66.65455
308.970996,198,66.811166
426.22579,312,67.059749
327.427721,193,67.217181
118.368503,167,67.350468
63.369333,121,67.445274
248.899107,140,67.55721
280.174409,159,67.684659
158.818431,219,68.026931
3.184475,13,68.037595
306.087404,178,68.181002
314.855382,190,68.331865
255.716155,174,68.469141
2.962464,13,68.479377
29.994638,49,68.51855
324.684397,245,68.713935
227.398229,158,68.839376
255.488362,139,68.949391
318.472506,181,69.093549
-0.166092,17,69.107464
248.274311,146,69.223296
0.853915,11,69.232051
299.467742,196,69.381897
3.74021,16,69.394152
350.17538,241,69.723913
243.76898,146,69.837898
141.381782,116,69.928524
226.247558,116,70.020018
1.163305,17,70.033573
2.104511,12,70.044366
268.286732,172,70.175166
241.883991,157,70.29509
206.092265,111,70.379796
123.834856,108,70.465272
272.073489,155,70.5886
242.51467,132,70.689682
319.435346,203,70.845722
-2.681372,13,70.855795
34.144968,44,70.889176
145.07021,200,71.042068
28.446356,40,71.073471
1.988725,18,71.087627
-0.91426,12,71.097089
196.043786,109,71.183214
28.377331,43,71.218192
278.536641,179,71.532094
232.821793,121,71.628966
96.330458,153,71.750807
88.012758,62,71.799857
-2.573948,11,71.808501
28.194236,52,71.849409
274.907295,168,71.982682
274.717682,176,72.123066
253.277852,139,72.233148
-1.675815,13,72.243688
257.661919,154,72.365961
264.779096,172,72.502185
426.176718,307,72.741154
-7.032303,8,72.747363
261.066998,158,72.866957
228.734076,181,73.00438
268.881043,168,73.297693
321.43899,216,73.469232
219.817596,132,73.572973
331.932821,247,73.761414
285.02832,169,73.891326
329.811556,207,74.050583
249.996011,182,74.191015
313.259933,226,74.371176
248.129627,169,74.505388
88.950623,129,74.605701
196.81389,121,74.702446
298.111384,180,74.845238
250.053103,157,75.131991
239.075073,159,75.262941
292.448115,177,75.398943
320.326508,284,75.616001
-0.340861,14,75.626666
237.31102,138,75.731564
190.812146,119,75.821667
352.750967,224,75.999515
26.327955,41,76.031749
292.160874,166,76.159048
69.269801,117,76.248577
84.416913,138,76.357172
251.718207,144,76.470881
5.857653,19,76.486153
276.764169,170,76.787597
309.708532,224,76.970144
377.519313,235,77.158199
72.052171,130,77.261461
82.308379,122,77.358722
200.359608,102,77.442598
128.719554,167,77.578554
305.604104,182,77.724862
279.479916,185,77.872155
200.836582,114,77.962712
224.809215,143,78.07676
302.603175,192,78.232557
239.817962,133,78.342168
236.556479,133,78.617379
68.619744,111,78.711092
-3.044807,10,78.71903
278.9613,163,78.851899
132.764003,170,78.993146
261.927998,135,79.101786
243.353768,128,79.201698
226.225438,125,79.301481
357.294675,224,79.480357
283.44964,162,79.611676
336.818943,226,79.79017
391.098602,256,79.994135
314.530482,184,80.139678
255.886264,143,80.406045
100.930696,122,80.501027
0.9278,14,80.511989
24.073732,42,80.545465
346.801352,254,80.74592
-1.193071,13,80.755866
263.529571,153,80.873542
351.390424,223,81.044675
285.668518,166,81.176942
52.301386,77,81.236428
256.862806,188,81.379886
310.784485,201,81.534318
227.268898,112,81.619929
216.538858,119,81.710567
33.468997,43,81.743766
235.968274,128,81.841904
137.507977,188,82.163252
394.212301,271,82.381951
402.535515,289,82.610039
279.647066,166,82.743114
247.146542,131,82.850328
-6.467505,11,82.859264
410.123727,282,83.089153
396.715674,279,83.312634
252.764003,146,83.431425
379.321381,275,83.655511
237.282209,136,83.764804
281.296108,165,84.067399
303.438002,176,84.208905
318.038761,194,84.362957
231.261827,125,84.462515
1.449697,16,84.475219
280.239067,178,84.618005
232.642753,118,84.710729
122.989056,181,84.858263
309.684128,199,85.015722
166.993201,215,85.188745
253.094007,149,85.308695
122.367474,190,85.463837
-3.994375,13,85.474065
232.126479,127,85.574557
326.772538,200,85.903949
294.02449,339,86.186948
349.31719,231,86.372266
390.966164,293,86.597725
